gvkey,iid,datadate,tic,prccd,return,dollar
108132,1,20160104,SPY,201.0192,1,10000
108132,1,20160105,SPY,201.36,1.00169536,10016.9536
108132,1,20160106,SPY,198.82,0.9890597515,9890.597515
108132,1,20160107,SPY,194.05,0.9653306749,9653.306749
108132,1,20160108,SPY,191.923,0.9547495961,9547.495961
108132,1,20160111,SPY,192.11,0.9556798555,9556.798555
108132,1,20160112,SPY,193.6608,0.9633945414,9633.945414
108132,1,20160113,SPY,188.83,0.9393630061,9393.630061
108132,1,20160114,SPY,191.93,0.9547844186,9547.844186
108132,1,20160115,SPY,187.81,0.9342888639,9342.888639
108132,1,20160119,SPY,188.06,0.9355325262,9355.325262
108132,1,20160120,SPY,185.65,0.9235436217,9235.436217
108132,1,20160121,SPY,186.69,0.9287172569,9287.172569
108132,1,20160122,SPY,190.52,0.9477701632,9477.701632
108132,1,20160125,SPY,187.64,0.9334431736,9334.431736
108132,1,20160126,SPY,190.2,0.9461782755,9461.782755
108132,1,20160127,SPY,188.13,0.9358807517,9358.807517
108132,1,20160128,SPY,189.11,0.9407559079,9407.559079
108132,1,20160129,SPY,193.7208,0.9636930204,9636.930204
108132,1,20160201,SPY,193.65,0.9633408152,9633.408152
108132,1,20160202,SPY,190.16,0.9459792895,9459.792895
108132,1,20160203,SPY,191.3,0.9516503896,9516.503896
108132,1,20160204,SPY,191.6,0.9531427844,9531.427844
108132,1,20160205,SPY,187.95,0.9349853148,9349.853148
108132,1,20160208,SPY,185.42,0.9223994524,9223.994524
108132,1,20160209,SPY,185.43,0.9224491989,9224.491989
108132,1,20160210,SPY,185.27,0.921653255,9216.53255
108132,1,20160211,SPY,182.86,0.9096643505,9096.643505
108132,1,20160212,SPY,186.63,0.9284187779,9284.187779
108132,1,20160216,SPY,189.78,0.9440889228,9440.889228
108132,1,20160217,SPY,192.88,0.9595103353,9595.103353
108132,1,20160218,SPY,192.09,0.9555803625,9555.803625
108132,1,20160219,SPY,192,0.955132644,9551.32644
108132,1,20160222,SPY,194.78,0.9689621688,9689.621688
108132,1,20160223,SPY,192.32,0.9567245318,9567.245318
108132,1,20160224,SPY,193.2,0.9611022231,9611.022231
108132,1,20160225,SPY,195.54,0.9727429022,9727.429022
108132,1,20160226,SPY,195.0892,0.9705003303,9705.003303
108132,1,20160229,SPY,193.56,0.9628930968,9628.930968
108132,1,20160301,SPY,198.11,0.9855277506,9855.277506
108132,1,20160302,SPY,199,0.9899551884,9899.551884
108132,1,20160303,SPY,199.775,0.9938105415,9938.105415
108132,1,20160304,SPY,200.43,0.9970689367,9970.689367
108132,1,20160307,SPY,200.59,0.9978648806,9978.648806
108132,1,20160308,SPY,198.4,0.9869703988,9869.703988
108132,1,20160309,SPY,199.38,0.9918455551,9918.455551
108132,1,20160310,SPY,199.54,0.9926414989,9926.414989
108132,1,20160311,SPY,202.76,1.008659869,10086.59869
108132,1,20160314,SPY,202.5,1.007366461,10073.66461
108132,1,20160315,SPY,202.17,1.005724826,10057.24826
108132,1,20160316,SPY,203.34,1.011545166,10115.45166
108132,1,20160317,SPY,204.63,1.017962463,10179.62463
108132,1,20160318,SPY,204.38,1.016718801,10167.18801
108132,1,20160321,SPY,204.67,1.018161449,10181.61449
108132,1,20160322,SPY,204.56,1.017614238,10176.14238
108132,1,20160323,SPY,203.2092,1.010894482,10108.94482
108132,1,20160324,SPY,203.12,1.010450743,10104.50743
108132,1,20160328,SPY,203.24,1.011047701,10110.47701
108132,1,20160329,SPY,205.1208,1.020404021,10204.04021
108132,1,20160330,SPY,206.02,1.024877226,10248.77226
108132,1,20160331,SPY,205.52,1.022389901,10223.89901
108132,1,20160401,SPY,206.92,1.02935441,10293.5441
108132,1,20160404,SPY,206.25,1.026021395,10260.21395
108132,1,20160405,SPY,204.1892,1.015769638,10157.69638
108132,1,20160406,SPY,206.42,1.026867085,10268.67085
108132,1,20160407,SPY,203.95,1.014579702,10145.79702
108132,1,20160408,SPY,204.4992,1.017311779,10173.11779
108132,1,20160411,SPY,204.0201,1.014928425,10149.28425
108132,1,20160412,SPY,205.92,1.024379761,10243.79761
108132,1,20160413,SPY,208.0008,1.034731011,10347.31011
108132,1,20160414,SPY,208.01,1.034776778,10347.76778
108132,1,20160415,SPY,207.78,1.033632608,10336.32608
108132,1,20160418,SPY,209.2392,1.040891616,10408.91616
108132,1,20160419,SPY,209.9,1.044178865,10441.78865
108132,1,20160420,SPY,210.1,1.045173794,10451.73794
108132,1,20160421,SPY,208.97,1.039552441,10395.52441
108132,1,20160422,SPY,208.97,1.039552441,10395.52441
108132,1,20160425,SPY,208.61,1.037761567,10377.61567
108132,1,20160426,SPY,208.9192,1.039299729,10392.99729
108132,1,20160427,SPY,209.35,1.041442807,10414.42807
108132,1,20160428,SPY,207.4475,1.031978537,10319.78537
108132,1,20160429,SPY,206.3308,1.026423347,10264.23347
108132,1,20160502,SPY,207.97,1.034577792,10345.77792
108132,1,20160503,SPY,206.1592,1.025569697,10255.69697
108132,1,20160504,SPY,205.01,1.01985283,10198.5283
108132,1,20160505,SPY,204.97,1.019653844,10196.53844
108132,1,20160506,SPY,205.72,1.023384831,10233.84831
108132,1,20160509,SPY,205.8892,1.024226542,10242.26542
108132,1,20160510,SPY,208.45,1.036965623,10369.65623
108132,1,20160511,SPY,206.5,1.027265057,10272.65057
108132,1,20160512,SPY,206.56,1.027563536,10275.63536
108132,1,20160513,SPY,204.76,1.018609168,10186.09168
108132,1,20160516,SPY,206.78,1.028657959,10286.57959
108132,1,20160517,SPY,204.8508,1.019060866,10190.60866
108132,1,20160518,SPY,204.91,1.019355365,10193.55365
108132,1,20160519,SPY,204.2,1.015823364,10158.23364
108132,1,20160520,SPY,205.49,1.022240662,10222.40662
108132,1,20160523,SPY,205.21,1.02084776,10208.4776
108132,1,20160524,SPY,207.87,1.034080327,10340.80327
108132,1,20160525,SPY,209.28,1.041094582,10410.94582
108132,1,20160526,SPY,209.34,1.041393061,10413.93061
108132,1,20160527,SPY,210.24,1.045870245,10458.70245
108132,1,20160531,SPY,209.84,1.043880386,10438.80386
108132,1,20160601,SPY,210.27,1.046019485,10460.19485
108132,1,20160602,SPY,210.91,1.04920326,10492.0326
108132,1,20160603,SPY,210.28,1.046069231,10460.69231
108132,1,20160606,SPY,211.35,1.051392106,10513.92106
108132,1,20160607,SPY,211.68,1.05303374,10530.3374
108132,1,20160608,SPY,212.37,1.056466248,10564.66248
108132,1,20160609,SPY,212.08,1.0550236,10550.236
108132,1,20160610,SPY,210.07,1.045024555,10450.24555
108132,1,20160613,SPY,208.4492,1.036961643,10369.61643
108132,1,20160614,SPY,208.04,1.034926017,10349.26017
108132,1,20160615,SPY,207.75,1.033483369,10334.83369
108132,1,20160616,SPY,208.37,1.036567651,10365.67651
108132,1,20160617,SPY,206.52,1.02736455,10273.6455
108132,1,20160620,SPY,207.85,1.033980834,10339.80834
108132,1,20160621,SPY,208.44,1.036915877,10369.15877
108132,1,20160622,SPY,208.1,1.035224496,10352.24496
108132,1,20160623,SPY,210.81,1.048705795,10487.05795
108132,1,20160624,SPY,203.13,1.01050049,10105.0049
108132,1,20160627,SPY,199.6,0.9929399779,9929.399779
108132,1,20160628,SPY,203.1997,1.010847223,10108.47223
108132,1,20160629,SPY,206.66,1.028061001,10280.61001
108132,1,20160630,SPY,209.475,1.042064639,10420.64639
108132,1,20160701,SPY,209.9208,1.044282337,10442.82337
108132,1,20160705,SPY,208.41,1.036766637,10367.66637
108132,1,20160706,SPY,209.66,1.042984949,10429.84949
108132,1,20160707,SPY,209.526,1.042318346,10423.18346
108132,1,20160708,SPY,212.65,1.05785915,10578.5915
108132,1,20160711,SPY,213.4,1.061590137,10615.90137
108132,1,20160712,SPY,214.95,1.069300843,10693.00843
108132,1,20160713,SPY,214.92,1.069151603,10691.51603
108132,1,20160714,SPY,216.12,1.075121182,10751.21182
108132,1,20160715,SPY,215.83,1.073678534,10736.78534
108132,1,20160718,SPY,216.4092,1.076559851,10765.59851
108132,1,20160719,SPY,216.19,1.075469408,10754.69408
108132,1,20160720,SPY,217.085,1.079921719,10799.21719
108132,1,20160721,SPY,216.265,1.075842507,10758.42507
108132,1,20160722,SPY,217.24,1.08069279,10806.9279
108132,1,20160725,SPY,216.65,1.077757747,10777.57747
108132,1,20160726,SPY,216.75,1.078255211,10782.55211
108132,1,20160727,SPY,216.52,1.077111042,10771.11042
108132,1,20160728,SPY,216.77,1.078354704,10783.54704
108132,1,20160729,SPY,217.12,1.080095832,10800.95832
108132,1,20160801,SPY,216.94,1.079200395,10792.00395
108132,1,20160802,SPY,215.5492,1.072281653,10722.81653
108132,1,20160803,SPY,216.18,1.075419661,10754.19661
108132,1,20160804,SPY,216.4097,1.076562338,10765.62338
108132,1,20160805,SPY,218.18,1.08536896,10853.6896
108132,1,20160808,SPY,218.05,1.084722255,10847.22255
108132,1,20160809,SPY,218.18,1.08536896,10853.6896
108132,1,20160810,SPY,217.64,1.082682649,10826.82649
108132,1,20160811,SPY,218.65,1.087707045,10877.07045
108132,1,20160812,SPY,218.46,1.086761862,10867.61862
108132,1,20160815,SPY,219.09,1.089895891,10898.95891
108132,1,20160816,SPY,217.96,1.084274537,10842.74537
108132,1,20160817,SPY,218.37,1.086314143,10863.14143
108132,1,20160818,SPY,218.86,1.088751721,10887.51721
108132,1,20160819,SPY,218.54,1.087159833,10871.59833
108132,1,20160822,SPY,218.53,1.087110087,10871.10087
108132,1,20160823,SPY,218.97,1.089298933,10892.98933
108132,1,20160824,SPY,217.85,1.083727326,10837.27326
108132,1,20160825,SPY,217.7,1.082981128,10829.81128
108132,1,20160826,SPY,217.29,1.080941522,10809.41522
108132,1,20160829,SPY,218.3608,1.086268376,10862.68376
108132,1,20160830,SPY,218,1.084473523,10844.73523
108132,1,20160831,SPY,217.38,1.08138924,10813.8924
108132,1,20160901,SPY,217.39,1.081438987,10814.38987
108132,1,20160902,SPY,218.37,1.086314143,10863.14143
108132,1,20160906,SPY,219.0308,1.089601391,10896.01391
108132,1,20160907,SPY,219.01,1.089497919,10894.97919
108132,1,20160908,SPY,218.51,1.087010594,10870.10594
108132,1,20160909,SPY,213.28,1.060993179,10609.93179
108132,1,20160912,SPY,216.34,1.076215605,10762.15605
108132,1,20160913,SPY,213.23,1.060744446,10607.44446
108132,1,20160914,SPY,213.15,1.060346474,10603.46474
108132,1,20160915,SPY,215.28,1.070942477,10709.42477
108132,1,20160916,SPY,213.37,1.061440897,10614.40897
108132,1,20160919,SPY,213.41,1.061639883,10616.39883
108132,1,20160920,SPY,213.42,1.06168963,10616.8963
108132,1,20160921,SPY,215.82,1.073628788,10736.28788
108132,1,20160922,SPY,217.18,1.080394311,10803.94311
108132,1,20160923,SPY,215.99,1.074474478,10744.74478
108132,1,20160926,SPY,214.24,1.065768842,10657.68842
108132,1,20160927,SPY,215.57,1.072385125,10723.85125
108132,1,20160928,SPY,216.64,1.077708,10777.08
108132,1,20160929,SPY,214.68,1.067957688,10679.57688
108132,1,20160930,SPY,216.3,1.076016619,10760.16619
108132,1,20161003,SPY,215.78,1.073429802,10734.29802
108132,1,20161004,SPY,214.68,1.067957688,10679.57688
108132,1,20161005,SPY,215.63,1.072683604,10726.83604
108132,1,20161006,SPY,215.78,1.073429802,10734.29802
108132,1,20161007,SPY,215.04,1.069748561,10697.48561
108132,1,20161010,SPY,216.16,1.075320168,10753.20168
108132,1,20161011,SPY,213.43,1.061739376,10617.39376
108132,1,20161012,SPY,213.71,1.063132278,10631.32278
108132,1,20161013,SPY,213.01,1.059650023,10596.50023
108132,1,20161014,SPY,213.12,1.060197235,10601.97235
108132,1,20161017,SPY,212.38,1.056515994,10565.15994
108132,1,20161018,SPY,213.71,1.063132278,10631.32278
108132,1,20161019,SPY,214.28,1.065967828,10659.67828
108132,1,20161020,SPY,213.88,1.063977968,10639.77968
108132,1,20161021,SPY,213.98,1.064475433,10644.75433
108132,1,20161024,SPY,214.89,1.069002364,10690.02364
108132,1,20161025,SPY,214.17,1.065420617,10654.20617
108132,1,20161026,SPY,213.74,1.063281517,10632.81517
108132,1,20161027,SPY,213.17,1.060445967,10604.45967
108132,1,20161028,SPY,212.54,1.057311938,10573.11938
108132,1,20161031,SPY,212.55,1.057361685,10573.61685
108132,1,20161101,SPY,211.01,1.049700725,10497.00725
108132,1,20161102,SPY,209.74,1.043382921,10433.82921
108132,1,20161103,SPY,208.78,1.038607257,10386.07257
108132,1,20161104,SPY,208.55,1.037463088,10374.63088
108132,1,20161107,SPY,213.15,1.060346474,10603.46474
108132,1,20161108,SPY,214.11,1.065122138,10651.22138
108132,1,20161109,SPY,216.3792,1.076410612,10764.10612
108132,1,20161110,SPY,216.92,1.079100902,10791.00902
108132,1,20161111,SPY,216.42,1.076613577,10766.13577
108132,1,20161114,SPY,216.59,1.077459268,10774.59268
108132,1,20161115,SPY,218.28,1.085866425,10858.66425
108132,1,20161116,SPY,217.87,1.083826819,10838.26819
108132,1,20161117,SPY,218.99,1.089398426,10893.98426
108132,1,20161118,SPY,218.5,1.086960848,10869.60848
108132,1,20161121,SPY,220.15,1.095169019,10951.69019
108132,1,20161122,SPY,220.58,1.097308118,10973.08118
108132,1,20161123,SPY,220.7,1.097905076,10979.05076
108132,1,20161125,SPY,221.52,1.101984288,11019.84288
108132,1,20161128,SPY,220.48,1.096810653,10968.10653
108132,1,20161129,SPY,220.91,1.098949752,10989.49752
108132,1,20161130,SPY,220.38,1.096313188,10963.13188
108132,1,20161201,SPY,219.57,1.092283722,10922.83722
108132,1,20161202,SPY,219.68,1.092830934,10928.30934
108132,1,20161205,SPY,221,1.09939747,10993.9747
108132,1,20161206,SPY,221.7,1.102879725,11028.79725
108132,1,20161207,SPY,224.6,1.117306208,11173.06208
108132,1,20161208,SPY,225.15,1.120042265,11200.42265
108132,1,20161209,SPY,226.51,1.126807788,11268.07788
108132,1,20161212,SPY,226.25,1.125514379,11255.14379
108132,1,20161213,SPY,227.76,1.133026099,11330.26099
108132,1,20161214,SPY,225.88,1.123673759,11236.73759
108132,1,20161215,SPY,226.81,1.128300182,11283.00182
108132,1,20161216,SPY,225.04,1.119495053,11194.95053
108132,1,20161219,SPY,225.53,1.121932631,11219.32631
108132,1,20161220,SPY,226.4,1.126260576,11262.60576
108132,1,20161221,SPY,225.77,1.123126547,11231.26547
108132,1,20161222,SPY,225.38,1.121186434,11211.86434
108132,1,20161223,SPY,225.71,1.122828068,11228.28068
108132,1,20161227,SPY,226.27,1.125613872,11256.13872
108132,1,20161228,SPY,224.4,1.116311278,11163.11278
108132,1,20161229,SPY,224.35,1.116062545,11160.62545
108132,1,20161230,SPY,223.53,1.111983333,11119.83333
108132,1,20170103,SPY,225.24,1.120489983,11204.89983
108132,1,20170104,SPY,226.58,1.127156013,11271.56013
108132,1,20170105,SPY,226.4,1.126260576,11262.60576
108132,1,20170106,SPY,227.21,1.130290042,11302.90042
108132,1,20170109,SPY,226.46,1.126559055,11265.59055
108132,1,20170110,SPY,226.46,1.126559055,11265.59055
108132,1,20170111,SPY,227.1,1.129742831,11297.42831
108132,1,20170112,SPY,226.53,1.12690728,11269.0728
108132,1,20170113,SPY,227.05,1.129494098,11294.94098
108132,1,20170117,SPY,226.25,1.125514379,11255.14379
108132,1,20170118,SPY,226.75,1.128001703,11280.01703
108132,1,20170119,SPY,225.91,1.123822998,11238.22998
108132,1,20170120,SPY,226.74,1.127951957,11279.51957
108132,1,20170123,SPY,226.15,1.125016914,11250.16914
108132,1,20170124,SPY,227.6,1.132230155,11322.30155
108132,1,20170125,SPY,229.57,1.142030214,11420.30214
108132,1,20170126,SPY,229.33,1.140836298,11408.36298
108132,1,20170127,SPY,228.97,1.139045425,11390.45425
108132,1,20170130,SPY,227.55,1.131981423,11319.81423
108132,1,20170131,SPY,227.53,1.13188193,11318.8193
108132,1,20170201,SPY,227.62,1.132329648,11323.29648
108132,1,20170202,SPY,227.77,1.133075845,11330.75845
108132,1,20170203,SPY,229.34,1.140886045,11408.86045
108132,1,20170206,SPY,228.93,1.138846439,11388.46439
108132,1,20170207,SPY,228.94,1.138896185,11388.96185
108132,1,20170208,SPY,229.24,1.14038858,11403.8858
108132,1,20170209,SPY,230.6,1.147154103,11471.54103
108132,1,20170210,SPY,231.51,1.151681033,11516.81033
108132,1,20170213,SPY,232.77,1.157949091,11579.49091
108132,1,20170214,SPY,233.7,1.162575515,11625.75515
108132,1,20170215,SPY,234.92,1.168644587,11686.44587
108132,1,20170216,SPY,234.72,1.167649657,11676.49657
108132,1,20170217,SPY,235.09,1.169490278,11694.90278
108132,1,20170221,SPY,236.49,1.176454786,11764.54786
108132,1,20170222,SPY,236.28,1.17541011,11754.1011
108132,1,20170223,SPY,236.44,1.176206054,11762.06054
108132,1,20170224,SPY,236.74,1.177698449,11776.98449
108132,1,20170227,SPY,237.11,1.179539069,11795.39069
108132,1,20170228,SPY,236.47,1.176355293,11763.55293
108132,1,20170301,SPY,239.78,1.192821382,11928.21382
108132,1,20170302,SPY,238.27,1.185309662,11853.09662
108132,1,20170303,SPY,238.42,1.186055859,11860.55859
108132,1,20170306,SPY,237.71,1.182523858,11825.23858
108132,1,20170307,SPY,237,1.178991857,11789.91857
108132,1,20170308,SPY,236.56,1.176803012,11768.03012
108132,1,20170309,SPY,236.86,1.178295407,11782.95407
108132,1,20170310,SPY,237.69,1.182424365,11824.24365
108132,1,20170313,SPY,237.81,1.183021323,11830.21323
108132,1,20170314,SPY,236.9,1.178494393,11784.94393
108132,1,20170315,SPY,238.95,1.188692423,11886.92423
108132,1,20170316,SPY,238.48,1.186354338,11863.54338
108132,1,20170317,SPY,237.03,1.179141097,11791.41097
108132,1,20170320,SPY,236.77,1.177847688,11778.47688
108132,1,20170321,SPY,233.73,1.162724755,11627.24755
108132,1,20170322,SPY,234.28,1.165460812,11654.60812
108132,1,20170323,SPY,234.03,1.164217149,11642.17149
108132,1,20170324,SPY,233.86,1.163371459,11633.71459
108132,1,20170327,SPY,233.62,1.162177543,11621.77543
108132,1,20170328,SPY,235.32,1.170634447,11706.34447
108132,1,20170329,SPY,235.54,1.17172887,11717.2887
108132,1,20170330,SPY,236.29,1.175459857,11754.59857
108132,1,20170331,SPY,235.74,1.1727238,11727.238
108132,1,20170403,SPY,235.33,1.170684193,11706.84193
108132,1,20170404,SPY,235.48,1.171430391,11714.30391
108132,1,20170405,SPY,234.78,1.167948136,11679.48136
108132,1,20170406,SPY,235.44,1.171231405,11712.31405
108132,1,20170407,SPY,235.2,1.170037489,11700.37489
108132,1,20170410,SPY,235.34,1.17073394,11707.3394
108132,1,20170411,SPY,235.06,1.169341038,11693.41038
108132,1,20170412,SPY,234.03,1.164217149,11642.17149
108132,1,20170413,SPY,232.51,1.156655683,11566.55683
108132,1,20170417,SPY,234.57,1.16690346,11669.0346
108132,1,20170418,SPY,233.87,1.163421206,11634.21206
108132,1,20170419,SPY,233.44,1.161282106,11612.82106
108132,1,20170420,SPY,235.34,1.17073394,11707.3394
108132,1,20170421,SPY,234.59,1.167002953,11670.02953
108132,1,20170424,SPY,237.17,1.179837548,11798.37548
108132,1,20170425,SPY,238.55,1.186702564,11867.02564
108132,1,20170426,SPY,238.4,1.185956366,11859.56366
108132,1,20170427,SPY,238.6,1.186951296,11869.51296
108132,1,20170428,SPY,238.08,1.184364479,11843.64479
108132,1,20170501,SPY,238.68,1.187349268,11873.49268
108132,1,20170502,SPY,238.77,1.187796987,11877.96987
108132,1,20170503,SPY,238.48,1.186354338,11863.54338
108132,1,20170504,SPY,238.76,1.18774724,11877.4724
108132,1,20170505,SPY,239.7,1.19242341,11924.2341
108132,1,20170508,SPY,239.66,1.192224424,11922.24424
108132,1,20170509,SPY,239.44,1.191130002,11911.30002
108132,1,20170510,SPY,239.87,1.193269101,11932.69101
108132,1,20170511,SPY,239.38,1.190831523,11908.31523
108132,1,20170512,SPY,238.98,1.188841663,11888.41663
108132,1,20170515,SPY,240.3,1.1954082,11954.082
108132,1,20170516,SPY,240.08,1.194313777,11943.13777
108132,1,20170517,SPY,235.82,1.173121771,11731.21771
108132,1,20170518,SPY,236.77,1.177847688,11778.47688
108132,1,20170519,SPY,238.31,1.185508648,11855.08648
108132,1,20170522,SPY,239.52,1.191527973,11915.27973
108132,1,20170523,SPY,240.05,1.194164538,11941.64538
108132,1,20170524,SPY,240.61,1.196950341,11969.50341
108132,1,20170525,SPY,241.76,1.202671188,12026.71188
108132,1,20170526,SPY,241.71,1.202422455,12024.22455
108132,1,20170530,SPY,241.5,1.201377779,12013.77779
108132,1,20170531,SPY,241.44,1.2010793,12010.793
108132,1,20170601,SPY,243.36,1.210630626,12106.30626
108132,1,20170602,SPY,244.17,1.214660092,12146.60092
108132,1,20170605,SPY,243.99,1.213764655,12137.64655
108132,1,20170606,SPY,243.21,1.209884429,12098.84429
108132,1,20170607,SPY,243.66,1.212123021,12121.23021
108132,1,20170608,SPY,243.78,1.212719979,12127.19979
108132,1,20170609,SPY,243.41,1.210879359,12108.79359
108132,1,20170612,SPY,243.36,1.210630626,12106.30626
108132,1,20170613,SPY,244.55,1.216550459,12165.50459
108132,1,20170614,SPY,244.24,1.215008318,12150.08318
108132,1,20170615,SPY,243.77,1.212670232,12126.70232
108132,1,20170616,SPY,242.64,1.207048879,12070.48879
108132,1,20170619,SPY,244.66,1.21709767,12170.9767
108132,1,20170620,SPY,243.01,1.208889499,12088.89499
108132,1,20170621,SPY,242.95,1.20859102,12085.9102
108132,1,20170622,SPY,242.84,1.208043809,12080.43809
108132,1,20170623,SPY,243.13,1.209486457,12094.86457
108132,1,20170626,SPY,243.29,1.210282401,12102.82401
108132,1,20170627,SPY,241.33,1.200532088,12005.32088
108132,1,20170628,SPY,243.49,1.211277331,12112.77331
108132,1,20170629,SPY,241.35,1.200631581,12006.31581
108132,1,20170630,SPY,241.8,1.202870174,12028.70174
108132,1,20170703,SPY,242.21,1.20490978,12049.0978
108132,1,20170705,SPY,242.77,1.207695583,12076.95583
108132,1,20170706,SPY,240.55,1.196651862,11966.51862
108132,1,20170707,SPY,242.11,1.204412315,12044.12315
108132,1,20170710,SPY,242.37,1.205705724,12057.05724
108132,1,20170711,SPY,242.19,1.204810287,12048.10287
108132,1,20170712,SPY,244.01,1.213864148,12138.64148
108132,1,20170713,SPY,244.42,1.215903754,12159.03754
108132,1,20170714,SPY,245.56,1.221574855,12215.74855
108132,1,20170717,SPY,245.53,1.221425615,12214.25615
108132,1,20170718,SPY,245.66,1.222072319,12220.72319
108132,1,20170719,SPY,246.99,1.228688603,12286.88603
108132,1,20170720,SPY,247.1,1.229235814,12292.35814
108132,1,20170721,SPY,246.88,1.228141391,12281.41391
108132,1,20170724,SPY,246.82,1.227842913,12278.42913
108132,1,20170725,SPY,247.42,1.230827702,12308.27702
108132,1,20170726,SPY,247.43,1.230877449,12308.77449
108132,1,20170727,SPY,247.2,1.229733279,12297.33279
108132,1,20170728,SPY,246.91,1.228290631,12282.90631
108132,1,20170731,SPY,246.77,1.22759418,12275.9418
108132,1,20170801,SPY,247.32,1.230330237,12303.30237
108132,1,20170802,SPY,247.44,1.230927195,12309.27195
108132,1,20170803,SPY,246.96,1.228539363,12285.39363
108132,1,20170804,SPY,247.41,1.230777956,12307.77956
108132,1,20170807,SPY,247.87,1.233066294,12330.66294
108132,1,20170808,SPY,247.26,1.230031758,12300.31758
108132,1,20170809,SPY,247.25,1.229982012,12299.82012
108132,1,20170810,SPY,243.76,1.212620486,12126.20486
108132,1,20170811,SPY,244.12,1.21441136,12144.1136
108132,1,20170814,SPY,246.54,1.226450011,12264.50011
108132,1,20170815,SPY,246.51,1.226300771,12263.00771
108132,1,20170816,SPY,246.94,1.22843987,12284.3987
108132,1,20170817,SPY,243.09,1.209287471,12092.87471
108132,1,20170818,SPY,242.71,1.207397104,12073.97104
108132,1,20170821,SPY,242.9,1.208342288,12083.42288
108132,1,20170822,SPY,245.44,1.220977897,12209.77897
108132,1,20170823,SPY,244.56,1.216600205,12166.00205
108132,1,20170824,SPY,243.99,1.213764655,12137.64655
108132,1,20170825,SPY,244.56,1.216600205,12166.00205
108132,1,20170828,SPY,244.57,1.216649952,12166.49952
108132,1,20170829,SPY,244.85,1.218042854,12180.42854
108132,1,20170830,SPY,246.01,1.223813447,12238.13447
108132,1,20170831,SPY,247.49,1.231175927,12311.75927
108132,1,20170901,SPY,247.84,1.232917055,12329.17055
108132,1,20170905,SPY,246.06,1.224062179,12240.62179
108132,1,20170906,SPY,246.9,1.228240884,12282.40884
108132,1,20170907,SPY,246.87,1.228091645,12280.91645
108132,1,20170908,SPY,246.58,1.226648997,12266.48997
108132,1,20170911,SPY,249.21,1.239732324,12397.32324
108132,1,20170912,SPY,250.05,1.243911029,12439.11029
108132,1,20170913,SPY,250.17,1.244507987,12445.07987
108132,1,20170914,SPY,250.09,1.244110015,12441.10015
108132,1,20170915,SPY,249.19,1.239632831,12396.32831
108132,1,20170918,SPY,249.72,1.242269395,12422.69395
108132,1,20170919,SPY,249.97,1.243513057,12435.13057
108132,1,20170920,SPY,250.06,1.243960776,12439.60776
108132,1,20170921,SPY,249.39,1.240627761,12406.27761
108132,1,20170922,SPY,249.44,1.240876493,12408.76493
108132,1,20170925,SPY,248.93,1.238339422,12383.39422
108132,1,20170926,SPY,249.08,1.23908562,12390.8562
108132,1,20170927,SPY,250.05,1.243911029,12439.11029
108132,1,20170928,SPY,250.35,1.245403424,12454.03424
108132,1,20170929,SPY,251.23,1.249781115,12497.81115
108132,1,20171002,SPY,252.32,1.255203483,12552.03483
108132,1,20171003,SPY,252.86,1.257889794,12578.89794
108132,1,20171004,SPY,253.16,1.259382188,12593.82188
108132,1,20171005,SPY,254.66,1.266844162,12668.44162
108132,1,20171006,SPY,254.37,1.265401514,12654.01514
108132,1,20171009,SPY,253.95,1.263312161,12633.12161
108132,1,20171010,SPY,254.62,1.266645176,12666.45176
108132,1,20171011,SPY,255.02,1.268635036,12686.35036
108132,1,20171012,SPY,254.64,1.266744669,12667.44669
108132,1,20171013,SPY,254.95,1.26828681,12682.8681
108132,1,20171016,SPY,255.29,1.269978191,12699.78191
108132,1,20171017,SPY,255.47,1.270873628,12708.73628
108132,1,20171018,SPY,255.72,1.27211729,12721.1729
108132,1,20171019,SPY,255.79,1.272465516,12724.65516
108132,1,20171020,SPY,257.11,1.279032053,12790.32053
108132,1,20171023,SPY,256.11,1.274057403,12740.57403
108132,1,20171024,SPY,256.56,1.276295996,12762.95996
108132,1,20171025,SPY,255.29,1.269978191,12699.78191
108132,1,20171026,SPY,255.62,1.271619825,12716.19825
108132,1,20171027,SPY,257.71,1.282016842,12820.16842
108132,1,20171030,SPY,256.75,1.277241179,12772.41179
108132,1,20171031,SPY,257.15,1.279231039,12792.31039
108132,1,20171101,SPY,257.49,1.280922419,12809.22419
108132,1,20171102,SPY,257.59,1.281419884,12814.19884
108132,1,20171103,SPY,258.45,1.285698083,12856.98083
108132,1,20171106,SPY,258.85,1.287687942,12876.87942
108132,1,20171107,SPY,258.67,1.286792505,12867.92505
108132,1,20171108,SPY,259.11,1.288981351,12889.81351
108132,1,20171109,SPY,258.17,1.284305181,12843.05181
108132,1,20171110,SPY,258.09,1.283907209,12839.07209
108132,1,20171113,SPY,258.33,1.285101125,12851.01125
108132,1,20171114,SPY,257.73,1.282116335,12821.16335
108132,1,20171115,SPY,256.44,1.275699038,12756.99038
108132,1,20171116,SPY,258.62,1.286543773,12865.43773
108132,1,20171117,SPY,257.86,1.28276304,12827.6304
108132,1,20171120,SPY,258.3,1.284951885,12849.51885
108132,1,20171121,SPY,259.99,1.293359042,12933.59042
108132,1,20171122,SPY,259.76,1.292214873,12922.14873
108132,1,20171124,SPY,260.36,1.295199663,12951.99663
108132,1,20171127,SPY,260.23,1.294552958,12945.52958
108132,1,20171128,SPY,262.87,1.307686032,13076.86032
108132,1,20171129,SPY,262.71,1.306890088,13068.90088
108132,1,20171130,SPY,265.01,1.318331781,13183.31781
108132,1,20171201,SPY,264.46,1.315595724,13155.95724
108132,1,20171204,SPY,264.14,1.314003836,13140.03836
108132,1,20171205,SPY,263.19,1.30927792,13092.7792
108132,1,20171206,SPY,263.24,1.309526652,13095.26652
108132,1,20171207,SPY,264.07,1.313655611,13136.55611
108132,1,20171208,SPY,265.51,1.320819106,13208.19106
108132,1,20171211,SPY,266.31,1.324798825,13247.98825
108132,1,20171212,SPY,266.78,1.32713691,13271.3691
108132,1,20171213,SPY,266.75,1.326987671,13269.87671
108132,1,20171214,SPY,265.66,1.321565303,13215.65303
108132,1,20171215,SPY,266.51,1.325793755,13257.93755
108132,1,20171218,SPY,268.2,1.334200912,13342.00912
108132,1,20171219,SPY,267.17,1.329077023,13290.77023
108132,1,20171220,SPY,267.03,1.328380573,13283.80573
108132,1,20171221,SPY,267.58,1.33111663,13311.1663
108132,1,20171222,SPY,267.51,1.330768404,13307.68404
108132,1,20171226,SPY,267.19,1.329176516,13291.76516
108132,1,20171227,SPY,267.32,1.329823221,13298.23221
108132,1,20171228,SPY,267.87,1.332559278,13325.59278
108132,1,20171229,SPY,266.86,1.327534882,13275.34882
108132,1,20180102,SPY,268.77,1.337036462,13370.36462
108132,1,20180103,SPY,270.47,1.345493366,13454.93366
108132,1,20180104,SPY,271.61,1.351164466,13511.64466
108132,1,20180105,SPY,273.42,1.360168581,13601.68581
108132,1,20180108,SPY,273.92,1.362655906,13626.55906
108132,1,20180109,SPY,274.54,1.365740188,13657.40188
108132,1,20180110,SPY,274.12,1.363650835,13636.50835
108132,1,20180111,SPY,276.12,1.373600134,13736.00134
108132,1,20180112,SPY,277.92,1.382554502,13825.54502
108132,1,20180116,SPY,276.97,1.377828586,13778.28586
108132,1,20180117,SPY,279.61,1.390961659,13909.61659
108132,1,20180118,SPY,279.14,1.388623574,13886.23574
108132,1,20180119,SPY,280.41,1.394941379,13949.41379
108132,1,20180122,SPY,282.69,1.406283579,14062.83579
108132,1,20180123,SPY,283.29,1.409268368,14092.68368
108132,1,20180124,SPY,283.18,1.408721157,14087.21157
108132,1,20180125,SPY,283.3,1.409318115,14093.18115
108132,1,20180126,SPY,286.58,1.425634964,14256.34964
108132,1,20180129,SPY,284.68,1.416183131,14161.83131
108132,1,20180130,SPY,281.76,1.401657155,14016.57155
108132,1,20180131,SPY,281.9,1.402353606,14023.53606
108132,1,20180201,SPY,281.58,1.400761718,14007.61718
108132,1,20180202,SPY,275.45,1.370267119,13702.67119
108132,1,20180205,SPY,263.93,1.31295916,13129.5916
108132,1,20180206,SPY,269.13,1.338827336,13388.27336
108132,1,20180207,SPY,267.67,1.331564348,13315.64348
108132,1,20180208,SPY,257.63,1.28161887,12816.1887
108132,1,20180209,SPY,261.5,1.300870763,13008.70763
108132,1,20180212,SPY,265.34,1.319973415,13199.73415
108132,1,20180213,SPY,266,1.323256684,13232.56684
108132,1,20180214,SPY,269.59,1.341115675,13411.15675
108132,1,20180215,SPY,273.03,1.358228468,13582.28468
108132,1,20180216,SPY,273.11,1.35862644,13586.2644
108132,1,20180220,SPY,271.4,1.35011979,13501.1979
108132,1,20180221,SPY,270.05,1.343404013,13434.04013
108132,1,20180222,SPY,270.4,1.34514514,13451.4514
108132,1,20180223,SPY,274.71,1.366585878,13665.85878
108132,1,20180226,SPY,277.9,1.382455009,13824.55009
108132,1,20180227,SPY,274.43,1.365192977,13651.92977
108132,1,20180228,SPY,271.65,1.351363452,13513.63452
108132,1,20180301,SPY,267.7,1.331713588,13317.13588
108132,1,20180302,SPY,269.08,1.338578603,13385.78603
108132,1,20180305,SPY,272.19,1.354049762,13540.49762
108132,1,20180306,SPY,272.88,1.35748227,13574.8227
108132,1,20180307,SPY,272.78,1.356984805,13569.84805
108132,1,20180308,SPY,274.1,1.363551342,13635.51342
108132,1,20180309,SPY,278.87,1.387280419,13872.80419
108132,1,20180312,SPY,278.52,1.385539292,13855.39292
108132,1,20180313,SPY,276.72,1.376584923,13765.84923
108132,1,20180314,SPY,275.3,1.369520921,13695.20921
108132,1,20180315,SPY,275,1.368028527,13680.28527
108132,1,20180316,SPY,274.2,1.364048807,13640.48807
108132,1,20180319,SPY,270.49,1.345592859,13455.92859
108132,1,20180320,SPY,270.95,1.347881197,13478.81197
108132,1,20180321,SPY,270.43,1.34529438,13452.9438
108132,1,20180322,SPY,263.67,1.311665751,13116.65751
108132,1,20180323,SPY,258.05,1.283708223,12837.08223
108132,1,20180326,SPY,265.11,1.318829246,13188.29246
108132,1,20180327,SPY,260.6,1.296393578,12963.93578
108132,1,20180328,SPY,259.83,1.292563098,12925.63098
108132,1,20180329,SPY,263.15,1.309078934,13090.78934
108132,1,20180402,SPY,257.47,1.280822926,12808.22926
108132,1,20180403,SPY,260.77,1.297239269,12972.39269
108132,1,20180404,SPY,263.56,1.31111854,13111.1854
108132,1,20180405,SPY,265.64,1.32146581,13214.6581
108132,1,20180406,SPY,259.72,1.292015887,12920.15887
108132,1,20180409,SPY,261,1.298383438,12983.83438
108132,1,20180410,SPY,265.15,1.319028232,13190.28232
108132,1,20180411,SPY,263.76,1.31211347,13121.1347
108132,1,20180412,SPY,265.93,1.322908458,13229.08458
108132,1,20180413,SPY,265.15,1.319028232,13190.28232
108132,1,20180416,SPY,267.33,1.329872967,13298.72967
108132,1,20180417,SPY,270.19,1.344100464,13441.00464
108132,1,20180418,SPY,270.39,1.345095394,13450.95394
108132,1,20180419,SPY,268.89,1.33763342,13376.3342
108132,1,20180420,SPY,266.61,1.32629122,13262.9122
108132,1,20180423,SPY,266.57,1.326092234,13260.92234
108132,1,20180424,SPY,262.98,1.308233243,13082.33243
108132,1,20180425,SPY,263.63,1.311466765,13114.66765
108132,1,20180426,SPY,266.31,1.324798825,13247.98825
108132,1,20180427,SPY,266.56,1.326042487,13260.42487
108132,1,20180430,SPY,264.51,1.315844457,13158.44457
108132,1,20180501,SPY,264.98,1.318182542,13181.82542
108132,1,20180502,SPY,263.2,1.309327666,13093.27666
108132,1,20180503,SPY,262.62,1.30644237,13064.4237
108132,1,20180504,SPY,266.02,1.323356177,13233.56177
108132,1,20180507,SPY,266.92,1.327833361,13278.33361
108132,1,20180508,SPY,266.92,1.327833361,13278.33361
108132,1,20180509,SPY,269.5,1.340667956,13406.67956
108132,1,20180510,SPY,272.02,1.353204072,13532.04072
108132,1,20180511,SPY,272.85,1.357333031,13573.33031
108132,1,20180514,SPY,272.98,1.357979735,13579.79735
108132,1,20180515,SPY,271.1,1.348627395,13486.27395
108132,1,20180516,SPY,272.24,1.354298495,13542.98495
108132,1,20180517,SPY,272.01,1.353154326,13531.54326
108132,1,20180518,SPY,271.33,1.349771564,13497.71564
108132,1,20180521,SPY,273.37,1.359919848,13599.19848
108132,1,20180522,SPY,272.61,1.356139115,13561.39115
108132,1,20180523,SPY,273.36,1.359870102,13598.70102
108132,1,20180524,SPY,272.8,1.357084298,13570.84298
108132,1,20180525,SPY,272.15,1.353850776,13538.50776
108132,1,20180529,SPY,269.02,1.338280124,13382.80124
108132,1,20180530,SPY,272.61,1.356139115,13561.39115
108132,1,20180531,SPY,270.94,1.347831451,13478.31451
108132,1,20180601,SPY,273.6,1.361064018,13610.64018
108132,1,20180604,SPY,274.9,1.367531062,13675.31062
108132,1,20180605,SPY,275.1,1.368525992,13685.25992
108132,1,20180606,SPY,277.4,1.379967685,13799.67685
108132,1,20180607,SPY,277.37,1.379818445,13798.18445
108132,1,20180608,SPY,278.19,1.383897658,13838.97658
108132,1,20180611,SPY,278.56,1.385738278,13857.38278
108132,1,20180612,SPY,278.92,1.387529151,13875.29151
108132,1,20180613,SPY,278.03,1.383101714,13831.01714
108132,1,20180614,SPY,278.73,1.386583968,13865.83968
108132,1,20180615,SPY,277.13,1.378624529,13786.24529
108132,1,20180618,SPY,276.56,1.375788979,13757.88979
108132,1,20180619,SPY,275.5,1.370515851,13705.15851
108132,1,20180620,SPY,275.97,1.372853936,13728.53936
108132,1,20180621,SPY,274.24,1.364247793,13642.47793
108132,1,20180622,SPY,274.74,1.366735118,13667.35118
108132,1,20180625,SPY,271,1.34812993,13481.2993
108132,1,20180626,SPY,271.6,1.351114719,13511.14719
108132,1,20180627,SPY,269.35,1.339921759,13399.21759
108132,1,20180628,SPY,270.89,1.347582718,13475.82718
108132,1,20180629,SPY,271.28,1.349522832,13495.22832
108132,1,20180702,SPY,271.86,1.352408128,13524.08128
108132,1,20180703,SPY,270.9,1.347632465,13476.32465
108132,1,20180705,SPY,273.11,1.35862644,13586.2644
108132,1,20180706,SPY,275.42,1.370117879,13701.17879
108132,1,20180709,SPY,277.9,1.382455009,13824.55009
108132,1,20180710,SPY,278.9,1.387429658,13874.29658
108132,1,20180711,SPY,276.86,1.377281374,13772.81374
108132,1,20180712,SPY,279.37,1.389767744,13897.67744
108132,1,20180713,SPY,279.59,1.390862166,13908.62166
108132,1,20180716,SPY,279.34,1.389618504,13896.18504
108132,1,20180717,SPY,280.47,1.395239858,13952.39858
108132,1,20180718,SPY,281.06,1.398174901,13981.74901
108132,1,20180719,SPY,280,1.392901773,13929.01773
108132,1,20180720,SPY,279.68,1.391309885,13913.09885
108132,1,20180723,SPY,280.2,1.393896702,13938.96702
108132,1,20180724,SPY,281.61,1.400910958,14009.10958
108132,1,20180725,SPY,284.01,1.412850116,14128.50116
108132,1,20180726,SPY,283.34,1.409517101,14095.17101
108132,1,20180727,SPY,281.42,1.399965774,13999.65774
108132,1,20180730,SPY,279.95,1.39265304,13926.5304
108132,1,20180731,SPY,281.33,1.399518056,13995.18056
108132,1,20180801,SPY,280.86,1.397179971,13971.79971
108132,1,20180802,SPY,282.39,1.404791184,14047.91184
108132,1,20180803,SPY,283.6,1.41081051,14108.1051
108132,1,20180806,SPY,284.64,1.415984145,14159.84145
108132,1,20180807,SPY,285.58,1.420660315,14206.60315
108132,1,20180808,SPY,285.46,1.420063357,14200.63357
108132,1,20180809,SPY,285.07,1.418123244,14181.23244
108132,1,20180810,SPY,283.16,1.408621664,14086.21664
108132,1,20180813,SPY,282.1,1.403348536,14033.48536
108132,1,20180814,SPY,283.9,1.412302904,14123.02904
108132,1,20180815,SPY,281.78,1.401756648,14017.56648
108132,1,20180816,SPY,284.06,1.413098848,14130.98848
108132,1,20180817,SPY,285.06,1.418073497,14180.73497
108132,1,20180820,SPY,285.67,1.421108033,14211.08033
108132,1,20180821,SPY,286.34,1.424441048,14244.41048
108132,1,20180822,SPY,286.17,1.423595358,14235.95358
108132,1,20180823,SPY,285.79,1.421704991,14217.04991
108132,1,20180824,SPY,287.51,1.430261388,14302.61388
108132,1,20180827,SPY,289.78,1.441553842,14415.53842
108132,1,20180828,SPY,289.92,1.442250293,14422.50293
108132,1,20180829,SPY,291.48,1.450010745,14500.10745
108132,1,20180830,SPY,290.3,1.444140659,14441.40659
108132,1,20180831,SPY,290.31,1.444190406,14441.90406
108132,1,20180904,SPY,289.81,1.441703081,14417.03081
108132,1,20180905,SPY,289.03,1.437822855,14378.22855
108132,1,20180906,SPY,288.16,1.43349491,14334.9491
108132,1,20180907,SPY,287.6,1.430709106,14307.09106
108132,1,20180910,SPY,288.1,1.433196431,14331.96431
108132,1,20180911,SPY,289.05,1.437922348,14379.22348
108132,1,20180912,SPY,289.12,1.438270573,14382.70573
108132,1,20180913,SPY,290.83,1.446777223,14467.77223
108132,1,20180914,SPY,290.88,1.447025956,14470.25956
108132,1,20180917,SPY,289.34,1.439364996,14393.64996
108132,1,20180918,SPY,290.91,1.447175195,14471.75195
108132,1,20180919,SPY,291.22,1.448717336,14487.17336
108132,1,20180920,SPY,293.58,1.460457509,14604.57509
108132,1,20180921,SPY,291.99,1.452547816,14525.47816
108132,1,20180924,SPY,291.02,1.447722407,14477.22407
108132,1,20180925,SPY,290.75,1.446379251,14463.79251
108132,1,20180926,SPY,289.88,1.442051307,14420.51307
108132,1,20180927,SPY,290.69,1.446080772,14460.80772
108132,1,20180928,SPY,290.72,1.446230012,14462.30012
108132,1,20181001,SPY,291.73,1.451254408,14512.54408
108132,1,20181002,SPY,291.56,1.450408717,14504.08717
108132,1,20181003,SPY,291.72,1.451204661,14512.04661
108132,1,20181004,SPY,289.44,1.439862461,14398.62461
108132,1,20181005,SPY,287.82,1.431803529,14318.03529
108132,1,20181008,SPY,287.82,1.431803529,14318.03529
108132,1,20181009,SPY,287.4,1.429714177,14297.14177
108132,1,20181010,SPY,278.3,1.384444869,13844.44869
108132,1,20181011,SPY,272.17,1.353950269,13539.50269
108132,1,20181012,SPY,275.95,1.372754443,13727.54443
108132,1,20181015,SPY,274.4,1.365043737,13650.43737
108132,1,20181016,SPY,280.4,1.394891632,13948.91632
108132,1,20181017,SPY,280.45,1.395140365,13951.40365
108132,1,20181018,SPY,276.4,1.374993035,13749.93035
108132,1,20181019,SPY,276.25,1.374246838,13742.46838
108132,1,20181022,SPY,275.01,1.368078273,13680.78273
108132,1,20181023,SPY,273.61,1.361113764,13611.13764
108132,1,20181024,SPY,265.32,1.319873922,13198.73922
108132,1,20181025,SPY,270.08,1.343553253,13435.53253
108132,1,20181026,SPY,265.33,1.319923669,13199.23669
108132,1,20181029,SPY,263.86,1.312610935,13126.10935
108132,1,20181030,SPY,267.77,1.332061813,13320.61813
108132,1,20181031,SPY,270.63,1.34628931,13462.8931
108132,1,20181101,SPY,273.51,1.360616299,13606.16299
108132,1,20181102,SPY,271.89,1.352557368,13525.57368
108132,1,20181105,SPY,273.39,1.360019341,13600.19341
108132,1,20181106,SPY,275.12,1.368625485,13686.25485
108132,1,20181107,SPY,281.01,1.397926168,13979.26168
108132,1,20181108,SPY,280.5,1.395389097,13953.89097
108132,1,20181109,SPY,277.76,1.381758558,13817.58558
108132,1,20181112,SPY,272.57,1.355940129,13559.40129
108132,1,20181113,SPY,272.06,1.353403058,13534.03058
108132,1,20181114,SPY,270.2,1.344150211,13441.50211
108132,1,20181115,SPY,273.02,1.358178721,13581.78721
108132,1,20181116,SPY,273.73,1.361710722,13617.10722
108132,1,20181119,SPY,269.1,1.338678096,13386.78096
108132,1,20181120,SPY,264.12,1.313904343,13139.04343
108132,1,20181121,SPY,265.02,1.318381528,13183.81528
108132,1,20181123,SPY,263.25,1.309576399,13095.76399
108132,1,20181126,SPY,267.5,1.330718658,13307.18658
108132,1,20181127,SPY,268.4,1.335195842,13351.95842
108132,1,20181128,SPY,274.58,1.365939174,13659.39174
108132,1,20181129,SPY,273.98,1.362954384,13629.54384
108132,1,20181130,SPY,275.65,1.371262049,13712.62049
108132,1,20181203,SPY,279.3,1.389419518,13894.19518
108132,1,20181204,SPY,270.25,1.344398943,13443.98943
108132,1,20181206,SPY,269.84,1.342359337,13423.59337
108132,1,20181207,SPY,263.57,1.311168286,13111.68286
108132,1,20181210,SPY,264.07,1.313655611,13136.55611
108132,1,20181211,SPY,264.13,1.31395409,13139.5409
108132,1,20181212,SPY,265.46,1.320570373,13205.70373
108132,1,20181213,SPY,265.37,1.320122655,13201.22655
108132,1,20181214,SPY,260.47,1.295746874,12957.46874
108132,1,20181217,SPY,255.36,1.270326417,12703.26417
108132,1,20181218,SPY,255.08,1.268933515,12689.33515
108132,1,20181219,SPY,251.26,1.249930355,12499.30355
108132,1,20181220,SPY,247.17,1.22958404,12295.8404
108132,1,20181221,SPY,240.7,1.197398059,11973.98059
108132,1,20181224,SPY,234.34,1.165759291,11657.59291
108132,1,20181226,SPY,246.18,1.224659137,12246.59137
108132,1,20181227,SPY,248.07,1.234061224,12340.61224
108132,1,20181228,SPY,247.75,1.232469336,12324.69336
108132,1,20181231,SPY,249.92,1.243264325,12432.64325
108132,1,20190102,SPY,250.18,1.244557734,12445.57734
108132,1,20190103,SPY,244.21,1.214859078,12148.59078
108132,1,20190104,SPY,252.39,1.255551708,12555.51708
108132,1,20190107,SPY,254.38,1.26545126,12654.5126
108132,1,20190108,SPY,256.77,1.277340672,12773.40672
108132,1,20190109,SPY,257.97,1.283310251,12833.10251
108132,1,20190110,SPY,258.88,1.287837182,12878.37182
108132,1,20190111,SPY,258.98,1.288334647,12883.34647
108132,1,20190114,SPY,257.4,1.280474701,12804.74701
108132,1,20190115,SPY,260.35,1.295149916,12951.49916
108132,1,20190116,SPY,260.98,1.298283945,12982.83945
108132,1,20190117,SPY,262.96,1.30813375,13081.3375
108132,1,20190118,SPY,266.46,1.325545023,13255.45023
108132,1,20190122,SPY,262.86,1.307636285,13076.36285
108132,1,20190123,SPY,263.41,1.310372343,13103.72343
108132,1,20190124,SPY,263.55,1.311068793,13110.68793
108132,1,20190125,SPY,265.78,1.322162261,13221.62261
108132,1,20190128,SPY,263.76,1.31211347,13121.1347
108132,1,20190129,SPY,263.41,1.310372343,13103.72343
108132,1,20190130,SPY,267.58,1.33111663,13311.1663
108132,1,20190131,SPY,269.93,1.342807055,13428.07055
108132,1,20190201,SPY,270.06,1.34345376,13434.5376
108132,1,20190204,SPY,271.96,1.352905593,13529.05593
108132,1,20190205,SPY,273.1,1.358576693,13585.76693
108132,1,20190206,SPY,272.74,1.356785819,13567.85819
108132,1,20190207,SPY,270.14,1.343851732,13438.51732
108132,1,20190208,SPY,270.47,1.345493366,13454.93366
108132,1,20190211,SPY,270.62,1.346239563,13462.39563
108132,1,20190212,SPY,274.1,1.363551342,13635.51342
108132,1,20190213,SPY,274.99,1.36797878,13679.7878
108132,1,20190214,SPY,274.38,1.364944244,13649.44244
108132,1,20190215,SPY,277.37,1.379818445,13798.18445
108132,1,20190219,SPY,277.85,1.382206277,13822.06277
108132,1,20190220,SPY,278.41,1.38499208,13849.9208
108132,1,20190221,SPY,277.42,1.380067178,13800.67178
108132,1,20190222,SPY,279.14,1.388623574,13886.23574
108132,1,20190225,SPY,279.52,1.390513941,13905.13941
108132,1,20190226,SPY,279.32,1.389519011,13895.19011
108132,1,20190227,SPY,279.2,1.388922053,13889.22053
108132,1,20190228,SPY,278.68,1.386335236,13863.35236
108132,1,20190301,SPY,280.42,1.394991125,13949.91125
108132,1,20190304,SPY,279.4,1.389916983,13899.16983
108132,1,20190305,SPY,279.02,1.388026616,13880.26616
108132,1,20190306,SPY,277.33,1.379619459,13796.19459
108132,1,20190307,SPY,275.01,1.368078273,13680.78273
108132,1,20190308,SPY,274.46,1.365342216,13653.42216
108132,1,20190311,SPY,278.44,1.38514132,13851.4132
108132,1,20190312,SPY,279.49,1.390364701,13903.64701
108132,1,20190313,SPY,281.34,1.399567802,13995.67802
108132,1,20190314,SPY,281.16,1.398672366,13986.72366
108132,1,20190315,SPY,281.31,1.399418563,13994.18563
108132,1,20190318,SPY,282.33,1.404492705,14044.92705
108132,1,20190319,SPY,282.4,1.404840931,14048.40931
108132,1,20190320,SPY,281.55,1.400612479,14006.12479
108132,1,20190321,SPY,284.73,1.416431863,14164.31863
108132,1,20190322,SPY,279.25,1.389170786,13891.70786
108132,1,20190325,SPY,279.04,1.388126109,13881.26109
108132,1,20190326,SPY,281.12,1.39847338,13984.7338
108132,1,20190327,SPY,279.65,1.391160645,13911.60645
108132,1,20190328,SPY,280.71,1.396433773,13964.33773
108132,1,20190329,SPY,282.48,1.405238903,14052.38903
108132,1,20190401,SPY,285.83,1.421903977,14219.03977
108132,1,20190402,SPY,285.97,1.422600428,14226.00428
108132,1,20190403,SPY,286.42,1.42483902,14248.3902
108132,1,20190404,SPY,287.18,1.428619754,14286.19754
108132,1,20190405,SPY,288.57,1.435534516,14355.34516
108132,1,20190408,SPY,288.79,1.436628939,14366.28939
108132,1,20190409,SPY,287.31,1.429266458,14292.66458
108132,1,20190410,SPY,288.29,1.434141614,14341.41614
108132,1,20190411,SPY,288.21,1.433743642,14337.43642
108132,1,20190412,SPY,290.16,1.443444208,14434.44208
108132,1,20190415,SPY,289.97,1.442499025,14424.99025
108132,1,20190416,SPY,290.16,1.443444208,14434.44208
108132,1,20190417,SPY,289.45,1.439912207,14399.12207
108132,1,20190418,SPY,290.02,1.442747757,14427.47757
108132,1,20190422,SPY,290.27,1.44399142,14439.9142
108132,1,20190423,SPY,292.88,1.456975254,14569.75254
108132,1,20190424,SPY,292.23,1.453741732,14537.41732
108132,1,20190425,SPY,292.05,1.452846295,14528.46295
108132,1,20190426,SPY,293.41,1.459611818,14596.11818
108132,1,20190429,SPY,293.87,1.461900157,14619.00157
108132,1,20190430,SPY,294.02,1.462646354,14626.46354
108132,1,20190501,SPY,291.81,1.451652379,14516.52379
108132,1,20190502,SPY,291.18,1.44851835,14485.1835
108132,1,20190503,SPY,294.03,1.462696101,14626.96101
108132,1,20190506,SPY,292.82,1.456676775,14566.76775
108132,1,20190507,SPY,287.93,1.432350741,14323.50741
108132,1,20190508,SPY,287.53,1.430360881,14303.60881
108132,1,20190509,SPY,286.66,1.426032936,14260.32936
108132,1,20190510,SPY,288.1,1.433196431,14331.96431
108132,1,20190513,SPY,280.86,1.397179971,13971.79971
108132,1,20190514,SPY,283.4,1.40981558,14098.1558
108132,1,20190515,SPY,285.06,1.418073497,14180.73497
108132,1,20190516,SPY,287.7,1.431206571,14312.06571
108132,1,20190517,SPY,285.84,1.421953724,14219.53724
108132,1,20190520,SPY,283.95,1.412551637,14125.51637
108132,1,20190521,SPY,286.51,1.425286739,14252.86739
108132,1,20190522,SPY,285.63,1.420909047,14209.09047
108132,1,20190523,SPY,282.14,1.403547522,14035.47522
108132,1,20190524,SPY,282.78,1.406731297,14067.31297
108132,1,20190528,SPY,280.15,1.39364797,13936.4797
108132,1,20190529,SPY,278.27,1.384295629,13842.95629
108132,1,20190530,SPY,279.03,1.388076363,13880.76363
108132,1,20190531,SPY,275.27,1.369371682,13693.71682
108132,1,20190603,SPY,274.57,1.365889427,13658.89427
108132,1,20190604,SPY,280.53,1.395538337,13955.38337
108132,1,20190605,SPY,282.96,1.407626734,14076.26734
108132,1,20190606,SPY,284.8,1.416780089,14167.80089
108132,1,20190607,SPY,287.65,1.430957839,14309.57839
108132,1,20190610,SPY,288.97,1.437524376,14375.24376
108132,1,20190611,SPY,288.9,1.43717615,14371.7615
108132,1,20190612,SPY,288.39,1.434639079,14346.39079
108132,1,20190613,SPY,289.58,1.440558912,14405.58912
108132,1,20190614,SPY,289.26,1.438967024,14389.67024
108132,1,20190617,SPY,289.37,1.439514235,14395.14235
108132,1,20190618,SPY,292.4,1.454587422,14545.87422
108132,1,20190619,SPY,293.06,1.457870691,14578.70691
108132,1,20190620,SPY,295.86,1.471799709,14717.99709
108132,1,20190621,SPY,294,1.462546861,14625.46861
108132,1,20190624,SPY,293.64,1.460755987,14607.55987
108132,1,20190625,SPY,290.76,1.446428998,14464.28998
108132,1,20190626,SPY,290.47,1.44498635,14449.8635
108132,1,20190627,SPY,291.5,1.450110238,14501.10238
108132,1,20190628,SPY,293,1.457572212,14575.72212
108132,1,20190701,SPY,295.66,1.470804779,14708.04779
108132,1,20190702,SPY,296.43,1.474635259,14746.35259
108132,1,20190703,SPY,298.8,1.486425177,14864.25177
108132,1,20190705,SPY,298.46,1.484733797,14847.33797
108132,1,20190708,SPY,296.82,1.476575372,14765.75372
108132,1,20190709,SPY,297.19,1.478415992,14784.15992
108132,1,20190710,SPY,298.61,1.485479994,14854.79994
108132,1,20190711,SPY,299.31,1.488962248,14889.62248
108132,1,20190712,SPY,300.65,1.495628278,14956.28278
108132,1,20190715,SPY,300.75,1.496125743,14961.25743
108132,1,20190716,SPY,299.71,1.490952108,14909.52108
108132,1,20190717,SPY,297.74,1.481152049,14811.52049
108132,1,20190718,SPY,298.83,1.486574417,14865.74417
108132,1,20190719,SPY,297.17,1.478316499,14783.16499
108132,1,20190722,SPY,297.9,1.481947993,14819.47993
108132,1,20190723,SPY,300.03,1.492543996,14925.43996
108132,1,20190724,SPY,301.44,1.499558251,14995.58251
108132,1,20190725,SPY,300,1.492394756,14923.94756
108132,1,20190726,SPY,302.01,1.502393801,15023.93801
108132,1,20190729,SPY,301.46,1.499657744,14996.57744
108132,1,20190730,SPY,300.72,1.495976504,14959.76504
108132,1,20190731,SPY,297.43,1.479609908,14796.09908
108132,1,20190801,SPY,294.84,1.466725567,14667.25567
108132,1,20190802,SPY,292.62,1.455681845,14556.81845
108132,1,20190805,SPY,283.82,1.411904932,14119.04932
108132,1,20190806,SPY,287.8,1.431704036,14317.04036
108132,1,20190807,SPY,287.97,1.432549727,14325.49727
108132,1,20190808,SPY,293.62,1.460656495,14606.56495
108132,1,20190809,SPY,291.62,1.450707196,14507.07196
108132,1,20190812,SPY,288.07,1.433047192,14330.47192
108132,1,20190813,SPY,292.55,1.45533362,14553.3362
108132,1,20190814,SPY,283.9,1.412302904,14123.02904
108132,1,20190815,SPY,284.65,1.416033891,14160.33891
108132,1,20190816,SPY,288.85,1.436927418,14369.27418
108132,1,20190819,SPY,292.33,1.454239197,14542.39197
108132,1,20190820,SPY,290.09,1.443095983,14430.95983
108132,1,20190821,SPY,292.45,1.454836155,14548.36155
108132,1,20190822,SPY,292.36,1.454388437,14543.88437
108132,1,20190823,SPY,284.85,1.417028821,14170.28821
108132,1,20190826,SPY,288,1.432698966,14326.98966
108132,1,20190827,SPY,286.87,1.427077612,14270.77612
108132,1,20190828,SPY,288.89,1.437126404,14371.26404
108132,1,20190829,SPY,292.58,1.455482859,14554.82859
108132,1,20190830,SPY,292.45,1.454836155,14548.36155
108132,1,20190903,SPY,290.74,1.446329505,14463.29505
108132,1,20190904,SPY,294.04,1.462745847,14627.45847
108132,1,20190905,SPY,297.82,1.481550021,14815.50021
108132,1,20190906,SPY,298.05,1.48269419,14826.9419
108132,1,20190909,SPY,298.2,1.483440388,14834.40388
108132,1,20190910,SPY,298.13,1.483092162,14830.92162
108132,1,20190911,SPY,300.25,1.493638419,14936.38419
108132,1,20190912,SPY,301.29,1.498812054,14988.12054
108132,1,20190913,SPY,301.09,1.497817124,14978.17124
108132,1,20190916,SPY,300.16,1.4931907,14931.907
108132,1,20190917,SPY,300.92,1.496971434,14969.71434
108132,1,20190918,SPY,301.1,1.49786687,14978.6687
108132,1,20190919,SPY,301.08,1.497767377,14977.67377
108132,1,20190920,SPY,298.28,1.48383836,14838.3836
108132,1,20190923,SPY,298.21,1.483490134,14834.90134
108132,1,20190924,SPY,295.87,1.471849455,14718.49455
108132,1,20190925,SPY,297.62,1.480555091,14805.55091
108132,1,20190926,SPY,297,1.477470809,14774.70809
108132,1,20190927,SPY,295.4,1.46951137,14695.1137
108132,1,20190930,SPY,296.77,1.476326639,14763.26639
108132,1,20191001,SPY,293.24,1.458766128,14587.66128
108132,1,20191002,SPY,288.06,1.432997445,14329.97445
108132,1,20191003,SPY,290.42,1.444737617,14447.37617
108132,1,20191004,SPY,294.35,1.464287988,14642.87988
108132,1,20191007,SPY,293.08,1.457970184,14579.70184
108132,1,20191008,SPY,288.53,1.43533553,14353.3553
108132,1,20191009,SPY,291.27,1.448966069,14489.66069
108132,1,20191010,SPY,293.24,1.458766128,14587.66128
108132,1,20191011,SPY,296.28,1.473889061,14738.89061
108132,1,20191014,SPY,295.95,1.472247427,14722.47427
108132,1,20191015,SPY,298.88,1.486823149,14868.23149
108132,1,20191016,SPY,298.4,1.484435318,14844.35318
108132,1,20191017,SPY,299.28,1.488813009,14888.13009
108132,1,20191018,SPY,297.97,1.482296218,14822.96218
108132,1,20191021,SPY,299.99,1.49234501,14923.4501
108132,1,20191022,SPY,299.01,1.487469854,14874.69854
108132,1,20191023,SPY,299.88,1.491797798,14917.97798
108132,1,20191024,SPY,300.37,1.494235377,14942.35377
108132,1,20191025,SPY,301.6,1.500354195,15003.54195
108132,1,20191028,SPY,303.3,1.508811099,15088.11099
108132,1,20191029,SPY,303.21,1.50836338,15083.6338
108132,1,20191030,SPY,304.14,1.512989804,15129.89804
108132,1,20191031,SPY,303.33,1.508960338,15089.60338
108132,1,20191101,SPY,306.14,1.522939102,15229.39102